continent,gdpPercap_1952,pop_1952,lifeExp_1952,gdpPercap_1957,pop_1957,lifeExp_1957,gdpPercap_1962,pop_1962,lifeExp_1962,gdpPercap_1967,pop_1967,lifeExp_1967,gdpPercap_1972,pop_1972,lifeExp_1972,gdpPercap_1977,pop_1977,lifeExp_1977,gdpPercap_1982,pop_1982,lifeExp_1982,gdpPercap_1987,pop_1987,lifeExp_1987,gdpPercap_1992,pop_1992,lifeExp_1992,gdpPercap_1997,pop_1997,lifeExp_1997,gdpPercap_2002,pop_2002,lifeExp_2002,gdpPercap_2007,pop_2007,lifeExp_2007
Asia,779.4453145,8425333.0,28.801,820.8530296,9240934.0,30.331999999999997,853.1007099999999,10267083.0,31.997,836.1971382,11537966.0,34.02,739.9811057999999,13079460.0,36.088,786.11336,14880372.0,38.438,978.0114388000001,12881816.0,39.854,852.3959447999999,13867957.0,40.821999999999996,649.3413952000001,16317921.0,41.674,635.341351,22227415.0,41.763000000000005,726.7340548,25268405.0,42.129,974.5803384,31889923.0,43.828
Europe,1601.056136,1282697.0,55.23,1942.2842440000002,1476505.0,59.28,2312.888958,1728137.0,64.82,2760.196931,1984060.0,66.22,3313.422188,2263554.0,67.69,3533.0039100000004,2509048.0,68.93,3630.880722,2780097.0,70.42,3738.9327350000003,3075321.0,72.0,2497.4379010000002,3326498.0,71.581,3193.054604,3428038.0,72.95,4604.211737,3508512.0,75.65100000000001,5937.029525999999,3600523.0,76.423
Africa,2449.008185,9279525.0,43.077,3013.976023,10270856.0,45.685,2550.81688,11000948.0,48.303000000000004,3246.991771,12760499.0,51.407,4182.663766,14760787.0,54.518,4910.4167560000005,17152804.0,58.013999999999996,5745.160213,20033753.0,61.368,5681.358539,23254956.0,65.79899999999999,5023.216647,26298373.0,67.744,4797.295051,29072015.0,69.152,5288.040382,31287142.0,70.994,6223.367465,33333216.0,72.301
Africa,3520.610273,4232095.0,30.015,3827.9404649999997,4561361.0,31.999000000000002,4269.276742,4826015.0,34.0,5522.776375,5247469.0,35.985,5473.288004999999,5894858.0,37.928000000000004,3008.647355,6162675.0,39.483000000000004,2756.953672,7016384.0,39.942,2430.208311,7874230.0,39.906,2627.8456850000002,8735988.0,40.647,2277.140884,9875024.0,40.963,2773.287312,10866106.0,41.003,4797.231267,12420476.0,42.731
Americas,5911.315053,17876956.0,62.485,6856.856212000001,19610538.0,64.399,7133.166023000001,21283783.0,65.142,8052.953020999999,22934225.0,65.634,9443.038526,24779799.0,67.065,10079.026740000001,26983828.0,68.48100000000001,8997.897412,29341374.0,69.942,9139.671389,31620918.0,70.774,9308.41871,33958947.0,71.868,10967.28195,36203463.0,73.275,8797.640716,38331121.0,74.34,12779.379640000001,40301927.0,75.32
Oceania,10039.595640000001,8691212.0,69.12,10949.64959,9712569.0,70.33,12217.226859999999,10794968.0,70.93,14526.12465,11872264.0,71.1,16788.62948,13177000.0,71.93,18334.197509999998,14074100.0,73.49,19477.009280000002,15184200.0,74.74,21888.889030000002,16257249.0,76.32,23424.76683,17481977.0,77.56,26997.936569999998,18565243.0,78.83,30687.75473,19546792.0,80.37,34435.367439999995,20434176.0,81.235
Europe,6137.076492,6927772.0,66.8,8842.59803,6965860.0,67.48,10750.721109999999,7129864.0,69.54,12834.6024,7376998.0,70.14,16661.6256,7544201.0,70.63,19749.4223,7568430.0,72.17,21597.083619999998,7574613.0,73.18,23687.82607,7578903.0,74.94,27042.01868,7914969.0,76.04,29095.920660000003,8069876.0,77.51,32417.607689999997,8148312.0,78.98,36126.4927,8199783.0,79.829
Asia,9867.084765000001,120447.0,50.93899999999999,11635.79945,138655.0,53.832,12753.27514,171863.0,56.923,14804.6727,202182.0,59.923,18268.65839,230800.0,63.3,19340.10196,297410.0,65.593,19211.14731,377967.0,69.05199999999999,18524.02406,454612.0,70.75,19035.579169999997,529491.0,72.601,20292.01679,598561.0,73.925,23403.559269999998,656397.0,74.795,29796.048339999998,708573.0,75.635
Asia,684.2441716,46886859.0,37.484,661.6374577,51365468.0,39.348,686.3415537999999,56839289.0,41.216,721.1860862000001,62821884.0,43.453,630.2336265,70759295.0,45.251999999999995,659.8772322000001,80428306.0,46.923,676.9818656,93074406.0,50.00899999999999,751.9794035,103764241.0,52.818999999999996,837.8101642999999,113704579.0,56.018,972.7700352,123315288.0,59.412,1136.3904300000002,135656790.0,62.013000000000005,1391.253792,150448339.0,64.062
Europe,8343.105126999999,8730405.0,68.0,9714.960623,8989111.0,69.24,10991.20676,9218400.0,70.25,13149.04119,9556500.0,70.94,16672.14356,9709100.0,71.44,19117.97448,9821800.0,72.8,20979.84589,9856303.0,73.93,22525.56308,9870200.0,75.35,25575.57069,10045622.0,76.46,27561.196630000002,10199787.0,77.53,30485.88375,10311970.0,78.32,33692.60508,10392226.0,79.441
Africa,1062.7522,1738315.0,38.223,959.6010805,1925173.0,40.358000000000004,949.4990641,2151895.0,42.618,1035.831411,2427334.0,44.885,1085.796879,2761407.0,47.013999999999996,1029.161251,3168267.0,49.19,1277.897616,3641603.0,50.903999999999996,1225.85601,4243788.0,52.336999999999996,1191.207681,4981671.0,53.919,1232.975292,6066080.0,54.777,1372.877931,7026113.0,54.406000000000006,1441.284873,8078314.0,56.728
Americas,2677.3263469999997,2883315.0,40.414,2127.686326,3211738.0,41.89,2180.972546,3593918.0,43.428000000000004,2586.886053,4040665.0,45.032,2980.331339,4565872.0,46.714,3548.097832,5079716.0,50.023,3156.510452,5642224.0,53.858999999999995,2753.6914899999997,6156369.0,57.251000000000005,2961.699694,6893451.0,59.957,3326.143191,7693188.0,62.05,3413.26269,8445134.0,63.883,3822.1370840000004,9119152.0,65.554
Europe,973.5331947999999,2791000.0,53.82,1353.989176,3076000.0,58.45,1709.683679,3349000.0,61.93,2172.3524230000003,3585000.0,64.79,2860.16975,3819000.0,67.45,3528.481305,4086000.0,69.86,4126.613157,4172693.0,70.69,4314.114757,4338977.0,71.14,2546.781445,4256013.0,72.178,4766.355904,3607000.0,73.244,6018.975239,4165416.0,74.09,7446.298803,4552198.0,74.852
Africa,851.2411407,442308.0,47.622,918.2325348999999,474639.0,49.618,983.6539764,512764.0,51.52,1214.709294,553541.0,53.298,2263.6111140000003,619351.0,56.023999999999994,3214.857818,781472.0,59.318999999999996,4551.14215,970347.0,61.483999999999995,6205.88385,1151184.0,63.622,7954.111645,1342614.0,62.745,8647.142313,1536536.0,52.556000000000004,11003.60508,1630347.0,46.63399999999999,12569.851770000001,1639131.0,50.728
Americas,2108.944355,56602560.0,50.917,2487.365989,65551171.0,53.285,3336.585802,76039390.0,55.665,3429.864357,88049823.0,57.632,4985.711467,100840058.0,59.504,6660.118654,114313951.0,61.489,7030.835878,128962939.0,63.336000000000006,7807.095818000001,142938076.0,65.205,6950.283020999999,155975974.0,67.057,7957.980823999999,168546719.0,69.388,8131.212843000001,179914212.0,71.006,9065.800825,190010647.0,72.39
Europe,2444.2866480000002,7274900.0,59.6,3008.670727,7651254.0,66.61,4254.337839,8012946.0,69.51,5577.0028,8310226.0,70.42,6597.494398,8576200.0,70.9,7612.240438,8797022.0,70.81,8224.191647,8892098.0,71.08,8239.854824,8971958.0,71.34,6302.6234380000005,8658506.0,71.19,5970.38876,8066057.0,70.32,7696.777725,7661799.0,72.14,10680.79282,7322858.0,73.005
Africa,543.2552413,4469979.0,31.975,617.1834647999999,4713416.0,34.906,722.5120206,4919632.0,37.814,794.8265597,5127935.0,40.696999999999996,854.7359763000001,5433886.0,43.591,743.3870368,5889574.0,46.137,807.1985855,6634596.0,48.122,912.0631417000001,7586551.0,49.556999999999995,931.7527731,8878303.0,50.26,946.2949617999999,10352843.0,50.324,1037.645221,12251209.0,50.65,1217.032994,14326203.0,52.295
Africa,339.29645869999996,2445618.0,39.031,379.56462810000005,2667518.0,40.533,355.2032273,2961915.0,42.045,412.97751360000007,3330989.0,43.548,464.0995039,3529983.0,44.056999999999995,556.1032651,3834415.0,45.91,559.6032309999999,4580410.0,47.471000000000004,621.8188188999999,5126023.0,48.211000000000006,631.6998778,5809236.0,44.736000000000004,463.1151478,6121610.0,45.326,446.4035126,7021078.0,47.36,430.07069160000003,8390505.0,49.58
Asia,368.46928560000003,4693836.0,39.417,434.0383364,5322536.0,41.36600000000001,496.9136476,6083619.0,43.415,523.4323142,6960067.0,45.415,421.6240257,7450606.0,40.317,524.9721831999999,6978607.0,31.22,624.4754784,7272485.0,50.957,683.8955732000001,8371791.0,53.913999999999994,682.3031755,10150094.0,55.803000000000004,734.28517,11782962.0,56.534,896.2260152999999,12926707.0,56.751999999999995,1713.7786859999999,14131858.0,59.723
Africa,1172.667655,5009067.0,38.523,1313.048099,5359923.0,40.428000000000004,1399.607441,5793633.0,42.643,1508.453148,6335506.0,44.799,1684.1465280000002,7021028.0,47.049,1783.432873,7959865.0,49.355,2367.983282,9250831.0,52.961000000000006,2602.664206,10780667.0,54.985,1793.1632780000002,12467171.0,54.31399999999999,1694.337469,14195809.0,52.199,1934.0114489999999,15929988.0,49.856,2042.0952399999999,17696293.0,50.43
Americas,11367.16112,14785584.0,68.75,12489.95006,17010154.0,69.96,13462.48555,18985849.0,71.3,16076.58803,20819767.0,72.13,18970.57086,22284500.0,72.88,22090.88306,23796400.0,74.21,22898.79214,25201900.0,75.76,26626.515030000002,26549700.0,76.86,26342.88426,28523502.0,77.95,28954.92589,30305843.0,78.61,33328.96507,31902268.0,79.77,36319.235010000004,33390141.0,80.653
Africa,1071.310713,1291695.0,35.463,1190.844328,1392284.0,37.464,1193.068753,1523478.0,39.475,1136.056615,1733638.0,41.478,1070.013275,1927260.0,43.457,1109.374338,2167533.0,46.775,956.7529906999999,2476971.0,48.295,844.8763504000001,2840009.0,50.485,747.9055252,3265124.0,49.396,740.5063317,3696513.0,46.066,738.6906068,4048013.0,43.308,706.016537,4369038.0,44.74100000000001
Africa,1178.665927,2682462.0,38.092,1308.495577,2894855.0,39.881,1389.817618,3150417.0,41.716,1196.810565,3495967.0,43.601000000000006,1104.103987,3899068.0,45.568999999999996,1133.98495,4388260.0,47.383,797.9081006,4875118.0,49.516999999999996,952.3861289999999,5498955.0,51.051,1058.0643,6429417.0,51.724,1004.9613529999999,7562011.0,51.573,1156.18186,8835739.0,50.525,1704.0637239999999,10238807.0,50.651
Americas,3939.9787890000002,6377619.0,54.745,4315.6227229999995,7048426.0,56.074,4519.094331,7961258.0,57.924,5106.654313,8858908.0,60.523,5494.024437,9717524.0,63.441,4756.763836,10599793.0,67.05199999999999,5095.665738000001,11487112.0,70.565,5547.063754,12463354.0,72.492,7596.125964,13572994.0,74.126,10118.053179999999,14599929.0,75.816,10778.78385,15497046.0,77.86,13171.63885,16284741.0,78.553
Asia,400.44861099999997,556263527.0,44.0,575.9870009,637408000.0,50.54896,487.6740183,665770000.0,44.50136,612.7056934,754550000.0,58.381119999999996,676.9000921,862030000.0,63.118880000000004,741.2374699,943455000.0,63.96736,962.4213804999999,1000281000.0,65.525,1378.904018,1084035000.0,67.274,1655.784158,1164970000.0,68.69,2289.234136,1230075000.0,70.426,3119.280896,1280400000.0,72.028,4959.1148539999995,1318683096.0,72.961
Americas,2144.115096,12350771.0,50.643,2323.805581,14485993.0,55.118,2492.351109,17009885.0,57.863,2678.729839,19764027.0,59.963,3264.660041,22542890.0,61.623000000000005,3815.80787,25094412.0,63.836999999999996,4397.575659,27764644.0,66.653,4903.2191,30964245.0,67.768,5444.648617,34202721.0,68.421,6117.3617460000005,37657830.0,70.313,5755.259962,41008227.0,71.682,7006.580419,44227550.0,72.889
Africa,1102.990936,153936.0,40.715,1211.1485480000001,170928.0,42.46,1406.648278,191689.0,44.467,1876.029643,217378.0,46.472,1937.577675,250027.0,48.943999999999996,1172.603047,304739.0,50.93899999999999,1267.100083,348643.0,52.933,1315.980812,395114.0,54.926,1246.90737,454429.0,57.93899999999999,1173.618235,527982.0,60.66,1075.811558,614382.0,62.974,986.1478792000001,710960.0,65.152
Africa,780.5423257,14100005.0,39.143,905.8602302999999,15577932.0,40.652,896.3146335000001,17486434.0,42.122,861.5932424,19941073.0,44.056000000000004,904.8960685000001,23007669.0,45.989,795.757282,26480870.0,47.803999999999995,673.7478181,30646495.0,47.784,672.774812,35481645.0,47.412,457.7191807,41672143.0,45.548,312.188423,47798986.0,42.586999999999996,241.16587650000002,55379852.0,44.966,277.55185869999997,64606759.0,46.461999999999996
Africa,2125.621418,854885.0,42.111000000000004,2315.056572,940458.0,45.053000000000004,2464.783157,1047924.0,48.435,2677.9396420000003,1179760.0,52.04,3213.152683,1340458.0,54.907,3259.178978,1536769.0,55.625,4879.507522,1774735.0,56.695,4201.194936999999,2064095.0,57.47,4016.239529,2409073.0,56.433,3484.1643759999997,2800947.0,52.961999999999996,3484.06197,3328795.0,52.97,3632.557798,3800610.0,55.321999999999996
Americas,2627.0094710000003,926317.0,57.206,2990.010802,1112300.0,60.026,3460.937025,1345187.0,62.842,4161.727834,1588717.0,65.42399999999999,5118.146939,1834796.0,67.84899999999999,5926.876967,2108457.0,70.75,5262.734751,2424367.0,73.45,5629.915318,2799811.0,74.752,6160.416317,3173216.0,75.71300000000001,6677.045314,3518107.0,77.26,7723.447195000001,3834934.0,78.123,9645.06142,4133884.0,78.782
Africa,1388.594732,2977019.0,40.477,1500.895925,3300000.0,42.468999999999994,1728.8694280000002,3832408.0,44.93,2052.0504730000002,4744870.0,47.35,2378.201111,6071696.0,49.801,2517.736547,7459574.0,52.373999999999995,2602.710169,9025951.0,53.983000000000004,2156.9560690000003,10761098.0,54.655,1648.073791,12772596.0,52.044,1786.265407,14625967.0,47.99100000000001,1648.800823,16252726.0,46.832,1544.750112,18013409.0,48.328
Europe,3119.23652,3882229.0,61.21,4338.231617,3991242.0,64.77,5477.890018,4076557.0,67.13,6960.297861,4174366.0,68.5,9164.090127,4225310.0,69.61,11305.38517,4318673.0,70.64,13221.82184,4413368.0,70.46,13822.58394,4484310.0,71.52,8447.794873,4494013.0,72.527,9875.604515,4444595.0,73.68,11628.38895,4481020.0,74.876,14619.222719999998,4493312.0,75.748
Americas,5586.53878,6007797.0,59.42100000000001,6092.174359000001,6640752.0,62.325,5180.75591,7254373.0,65.24600000000001,5690.268015,8139332.0,68.29,5305.445256,8831348.0,70.723,6380.494965999999,9537988.0,72.649,7316.9181069999995,9789224.0,73.717,7532.924762999999,10239839.0,74.17399999999999,5592.843963,10723260.0,74.414,5431.990415,10983007.0,76.15100000000001,6340.646683,11226999.0,77.158,8948.102923,11416987.0,78.273
Europe,6876.14025,9125183.0,66.87,8256.343918,9513758.0,69.03,10136.86713,9620282.0,69.9,11399.44489,9835109.0,70.38,13108.4536,9862158.0,70.29,14800.160619999999,10161915.0,70.71,15377.22855,10303704.0,70.96,16310.4434,10311597.0,71.58,14297.021219999999,10315702.0,72.4,16048.51424,10300707.0,74.01,17596.210219999997,10256295.0,75.51,22833.30851,10228744.0,76.486
Europe,9692.385245,4334000.0,70.78,11099.65935,4487831.0,71.81,13583.31351,4646899.0,72.35,15937.21123,4838800.0,72.96,18866.20721,4991596.0,73.47,20422.9015,5088419.0,74.69,21688.04048,5117810.0,74.63,25116.17581,5127024.0,74.8,26406.73985,5171393.0,75.33,29804.34567,5283663.0,76.11,32166.500060000002,5374693.0,77.18,35278.41874,5468120.0,78.332
Africa,2669.529475,63149.0,34.812,2864.9690760000003,71851.0,37.328,3020.989263,89898.0,39.693000000000005,3020.0505129999997,127617.0,42.074,3694.2123520000005,178848.0,44.36600000000001,3081.7610219999997,228694.0,46.519,2879.4680670000002,305991.0,48.812,2880.102568,311025.0,50.04,2377.1561920000004,384156.0,51.604,1895.016984,417908.0,53.157,1908.2608670000002,447416.0,53.373000000000005,2082.4815670000003,496374.0,54.791000000000004
Americas,1397.7171369999999,2491346.0,45.928000000000004,1544.402995,2923186.0,49.828,1662.137359,3453434.0,53.458999999999996,1653.7230029999998,4049146.0,56.751000000000005,2189.874499,4671329.0,59.631,2681.9889,5302800.0,61.788000000000004,2861.092386,5968349.0,63.727,2899.842175,6655297.0,66.046,3044.214214,7351181.0,68.457,3614.101285,7992357.0,69.957,4563.808154,8650322.0,70.847,6025.374752000001,9319622.0,72.235
Americas,3522.110717,3548753.0,48.357,3780.5466509999997,4058385.0,51.356,4086.114078,4681707.0,54.64,4579.074215,5432424.0,56.678000000000004,5280.99471,6298651.0,58.79600000000001,6679.62326,7278866.0,61.31,7213.7912670000005,8365850.0,64.342,6481.776993,9545158.0,67.23100000000001,7103.702595000001,10748394.0,69.613,7429.455876999999,11911819.0,72.312,5773.0445119999995,12921234.0,74.173,6873.262326000001,13755680.0,74.994
Africa,1418.822445,22223309.0,41.893,1458.915272,25009741.0,44.443999999999996,1693.335853,28173309.0,46.992,1814.880728,31681188.0,49.293,2024.0081469999998,34807417.0,51.137,2785.493582,38783863.0,53.318999999999996,3503.729636,45681811.0,56.006,3885.4607100000003,52799062.0,59.797,3794.755195,59402198.0,63.674,4173.181797,66134291.0,67.217,4754.604414,73312559.0,69.806,5581.180998,80264543.0,71.33800000000001
Americas,3048.3029,2042865.0,45.262,3421.523218,2355805.0,48.57,3776.8036270000002,2747687.0,52.306999999999995,4358.595393,3232927.0,55.855,4520.246008,3790903.0,58.207,5138.922374,4282586.0,56.696000000000005,4098.344175,4474873.0,56.604,4140.442097,4842194.0,63.153999999999996,4444.2317,5274649.0,66.798,5154.825496,5783439.0,69.535,5351.568665999999,6353681.0,70.734,5728.353514,6939688.0,71.878
Africa,375.6431231,216964.0,34.482,426.0964081,232922.0,35.983000000000004,582.8419713999999,249220.0,37.485,915.5960025,259864.0,38.986999999999995,672.4122571,277603.0,40.516,958.5668124,192675.0,42.023999999999994,927.8253427000001,285483.0,43.662,966.8968149,341244.0,45.663999999999994,1132.055034,387838.0,47.545,2814.480755,439971.0,48.245,7703.4959,495627.0,49.348,12154.08975,551201.0,51.57899999999999
Africa,328.94055710000004,1438760.0,35.928000000000004,344.16188589999996,1542611.0,38.047,380.99584330000005,1666618.0,40.158,468.7949699,1820319.0,42.18899999999999,514.3242081999999,2260187.0,44.141999999999996,505.7538077,2512642.0,44.535,524.8758493,2637297.0,43.89,521.1341333,2915959.0,46.453,582.8585102000001,3668440.0,49.99100000000001,913.4707900000001,4058319.0,53.378,765.3500015,4414865.0,55.24,641.3695236000001,4906585.0,58.04
Africa,362.1462796,20860941.0,34.078,378.90416319999997,22815614.0,36.667,419.4564161,25145372.0,40.059,516.1186438,27860297.0,42.115,566.2439442000001,30770372.0,43.515,556.8083834,34617799.0,44.51,577.8607471,38111756.0,44.916000000000004,573.7413142000001,42999530.0,46.684,421.3534653,52088559.0,48.091,515.8894013,59861301.0,49.402,530.0535319,67946797.0,50.725,690.8055759,76511887.0,52.946999999999996
Europe,6424.519071,4090500.0,66.55,7545.415386,4324000.0,67.49,9371.842561,4491443.0,68.75,10921.63626,4605744.0,69.83,14358.8759,4639657.0,70.87,15605.422830000001,4738902.0,72.52,18533.15761,4826933.0,74.55,21141.01223,4931729.0,74.83,20647.16499,5041039.0,75.7,23723.9502,5134406.0,77.13,28204.59057,5193039.0,78.37,33207.0844,5238460.0,79.313
Europe,7029.809327,42459667.0,67.41,8662.834898000001,44310863.0,68.93,10560.48553,47124000.0,70.51,12999.91766,49569000.0,71.55,16107.19171,51732000.0,72.38,18292.635140000002,53165019.0,73.83,20293.89746,54433565.0,74.89,22066.44214,55630100.0,76.34,24703.79615,57374179.0,77.46,25889.78487,58623428.0,78.64,28926.032339999998,59925035.0,79.59,30470.0167,61083916.0,80.657
Africa,4293.476475,420702.0,37.003,4976.198099,434904.0,38.999,6631.4592219999995,455661.0,40.489000000000004,8358.761987,489004.0,44.598,11401.948409999999,537977.0,48.69,21745.57328,706367.0,52.79,15113.36194,753874.0,56.56399999999999,11864.408440000001,880397.0,60.19,13522.157519999999,985739.0,61.36600000000001,14722.841880000002,1126189.0,60.461000000000006,12521.71392,1299304.0,56.761,13206.48452,1454867.0,56.735
Africa,485.2306591,284320.0,30.0,520.9267111,323150.0,32.065,599.650276,374020.0,33.896,734.7829124,439593.0,35.857,756.0868363,517101.0,38.308,884.7552507000001,608274.0,41.842,835.8096107999999,715523.0,45.58,611.6588611000001,848406.0,49.265,665.6244126,1025384.0,52.644,653.7301704,1235767.0,55.861000000000004,660.5855997,1457766.0,58.041000000000004,752.7497265,1688359.0,59.448
Europe,7144.114393000001,69145952.0,67.5,10187.82665,71019069.0,69.1,12902.46291,73739117.0,70.3,14745.62561,76368453.0,70.8,18016.180269999997,78717088.0,71.0,20512.92123,78160773.0,72.5,22031.532740000002,78335266.0,73.8,24639.18566,77718298.0,74.847,26505.30317,80597764.0,76.07,27788.88416,82011073.0,77.34,30035.80198,82350671.0,78.67,32170.37442,82400996.0,79.406
Africa,911.2989371,5581001.0,43.148999999999994,1043.5615369999998,6391288.0,44.778999999999996,1190.0411179999999,7355248.0,46.452,1125.69716,8490213.0,48.071999999999996,1178.223708,9354120.0,49.875,993.2239571,10538093.0,51.756,876.032569,11400338.0,53.744,847.0061135,14168101.0,55.729,925.0601539999999,16278738.0,57.501000000000005,1005.2458119999999,18418288.0,58.556000000000004,1111.9845779999998,20550751.0,58.453,1327.60891,22873338.0,60.022
Europe,3530.690067,7733250.0,65.86,4916.299889,8096218.0,67.86,6017.190732999999,8448233.0,69.51,8513.097016,8716441.0,71.0,12724.82957,8888628.0,72.34,14195.524280000001,9308479.0,73.68,15268.420890000001,9786480.0,75.24,16120.528390000001,9974490.0,76.67,17541.49634,10325429.0,77.03,18747.69814,10502372.0,77.869,22514.2548,10603863.0,78.256,27538.41188,10706290.0,79.483
Americas,2428.2377690000003,3146381.0,42.023,2617.155967,3640876.0,44.141999999999996,2750.364446,4208858.0,46.95399999999999,3242.5311469999997,4690773.0,50.016000000000005,4031.4082710000002,5149581.0,53.738,4879.992748,5703430.0,56.028999999999996,4820.49479,6395630.0,58.137,4246.485974,7326406.0,60.782,4439.4508399999995,8486949.0,63.373000000000005,4684.313807,9803875.0,66.322,4858.347495,11178650.0,68.97800000000001,5186.050003,12572928.0,70.259
Africa,510.19649230000005,2664249.0,33.609,576.2670245,2876726.0,34.558,686.3736739,3140003.0,35.753,708.7595409,3451418.0,37.196999999999996,741.6662307,3811387.0,38.842,874.6858642999999,4227026.0,40.762,857.2503577,4710497.0,42.891000000000005,805.5724717999999,5650262.0,45.552,794.3484384,6990574.0,48.576,869.4497667999999,8048834.0,51.455,945.5835837000001,8807818.0,53.676,942.6542111,9947814.0,56.007
Africa,299.850319,580653.0,32.5,431.7904566000001,601095.0,33.489000000000004,522.0343725,627820.0,34.488,715.5806402000001,601287.0,35.492,820.2245876000001,625361.0,36.486,764.7259627999999,745228.0,37.465,838.1239671,825987.0,39.327,736.4153921,927524.0,41.245,745.5398706,1050938.0,43.266000000000005,796.6644681,1193708.0,44.873000000000005,575.7047176,1332459.0,45.504,579.2317429999999,1472041.0,46.388000000000005
Americas,1840.366939,3201488.0,37.579,1726.887882,3507701.0,40.696,1796.589032,3880130.0,43.59,1452.057666,4318137.0,46.243,1654.456946,4698301.0,48.042,1874.2989309999998,4908554.0,49.923,2011.1595489999997,5198399.0,51.461000000000006,1823.015995,5756203.0,53.636,1456.309517,6326682.0,55.089,1341.7269310000001,6913545.0,56.67100000000001,1270.364932,7607651.0,58.137,1201.637154,8502814.0,60.916000000000004
Americas,2194.926204,1517453.0,41.912,2220.487682,1770390.0,44.665,2291.1568350000002,2090162.0,48.041000000000004,2538.269358,2500689.0,50.924,2529.842345,2965146.0,53.88399999999999,3203.208066,3055235.0,57.402,3121.7607940000003,3669448.0,60.909,3023.0966989999997,4372203.0,64.492,3081.694603,5077347.0,66.399,3160.454906,5867957.0,67.65899999999999,3099.72866,6677328.0,68.565,3548.3308460000003,7483763.0,70.19800000000001
Asia,3054.421209,2125900.0,60.96,3629.076457,2736300.0,64.75,4692.648271999999,3305200.0,67.65,6197.962814,3722800.0,70.0,8315.928145,4115700.0,72.0,11186.14125,4583700.0,73.6,14560.530509999999,5264500.0,75.45,20038.472690000002,5584510.0,76.2,24757.60301,5829696.0,77.601,28377.632189999997,6495918.0,80.0,30209.015160000003,6762476.0,81.495,39724.97867,6980412.0,82.208
Europe,5263.6738159999995,9504000.0,64.03,6040.180011,9839000.0,66.41,7550.359877,10063000.0,67.96,9326.64467,10223422.0,69.5,10168.65611,10394091.0,69.76,11674.837370000001,10637171.0,69.95,12545.99066,10705535.0,69.39,12986.47998,10612740.0,69.58,10535.62855,10348684.0,69.17,11712.7768,10244684.0,71.04,14843.93556,10083313.0,72.59,18008.94444,9956108.0,73.33800000000001
Europe,7267.688428,147962.0,72.49,9244.001412,165110.0,73.47,10350.15906,182053.0,73.68,13319.89568,198676.0,73.73,15798.063619999999,209275.0,74.46,19654.96247,221823.0,76.11,23269.6075,233997.0,76.99,26923.206280000002,244676.0,77.23,25144.39201,259012.0,78.77,28061.099660000003,271192.0,78.95,31163.201960000002,288030.0,80.5,36180.789189999996,301931.0,81.757
Asia,546.5657493,372000000.0,37.373000000000005,590.061996,409000000.0,40.249,658.3471509,454000000.0,43.605,700.7706107000001,506000000.0,47.193000000000005,724.032527,567000000.0,50.651,813.3373230000001,634000000.0,54.208,855.7235377000001,708000000.0,56.596000000000004,976.5126756000001,788000000.0,58.553000000000004,1164.406809,872000000.0,60.223,1458.817442,959000000.0,61.765,1746.769454,1034172547.0,62.879,2452.210407,1110396331.0,64.69800000000001
Asia,749.6816546,82052000.0,37.468,858.9002707000001,90124000.0,39.918,849.2897700999999,99028000.0,42.518,762.4317721,109343000.0,45.964,1111.107907,121282000.0,49.203,1382.702056,136725000.0,52.702,1516.872988,153343000.0,56.159,1748.356961,169276000.0,60.137,2383.140898,184816000.0,62.681000000000004,3119.335603,199278000.0,66.041,2873.91287,211060000.0,68.58800000000001,3540.6515640000002,223547000.0,70.65
Asia,3035.326002,17272000.0,44.869,3290.257643,19792000.0,47.181000000000004,4187.329802,22874000.0,49.325,5906.731804999999,26538000.0,52.468999999999994,9613.818607,30614000.0,55.233999999999995,11888.59508,35480679.0,57.702,7608.334602,43072751.0,59.62,6642.881371,51889696.0,63.04,7235.653187999999,60397973.0,65.742,8263.590301,63327987.0,68.042,9240.761975,66907826.0,69.45100000000001,11605.71449,69453570.0,70.964
Asia,4129.766056,5441766.0,45.32,6229.333562,6248643.0,48.437,8341.737815,7240260.0,51.457,8931.459811,8519282.0,54.458999999999996,9576.037596,10061506.0,56.95,14688.235069999999,11882916.0,60.413000000000004,14517.90711,14173318.0,62.038000000000004,11643.57268,16543189.0,65.044,3745.6406869999996,17861905.0,59.461000000000006,3076.239795,20775703.0,58.81100000000001,4390.717312,24001816.0,57.04600000000001,4471.061906,27499638.0,59.545
Europe,5210.280328,2952156.0,66.91,5599.077872,2878220.0,68.9,6631.597314,2830000.0,70.29,7655.568963,2900100.0,71.08,9530.772895999999,3024400.0,71.28,11150.98113,3271900.0,72.03,12618.321409999999,3480000.0,73.1,13872.86652,3539900.0,74.36,17558.81555,3557761.0,75.467,24521.94713,3667233.0,76.122,34077.04939,3879155.0,77.783,40675.99635,4109086.0,78.885
Asia,4086.522128,1620914.0,65.39,5385.278451,1944401.0,67.84,7105.630706,2310904.0,69.39,8393.741404,2693585.0,70.75,12786.93223,3095893.0,71.63,13306.619209999999,3495918.0,73.06,15367.0292,3858421.0,74.45,17122.47986,4203148.0,75.6,18051.52254,4936550.0,76.93,20896.60924,5531387.0,78.26899999999999,21905.59514,6029529.0,79.696,25523.2771,6426679.0,80.745
Europe,4931.404154999999,47666000.0,65.94,6248.656232,49182000.0,67.81,8243.58234,50843200.0,69.24,10022.40131,52667100.0,71.06,12269.27378,54365564.0,72.19,14255.98475,56059245.0,73.48,16537.4835,56535636.0,74.98,19207.234819999998,56729703.0,76.42,22013.64486,56840847.0,77.44,24675.02446,57479469.0,78.82,27968.098169999997,57926999.0,80.24,28569.7197,58147733.0,80.546
Americas,2898.5308809999997,1426095.0,58.53,4756.525781,1535090.0,62.61,5246.107524,1665128.0,65.61,6124.703450999999,1861096.0,67.51,7433.889293000001,1997616.0,69.0,6650.195573,2156814.0,70.11,6068.05135,2298309.0,71.21,6351.237495,2326606.0,71.77,7404.923685,2378618.0,71.766,7121.924704000001,2531311.0,72.262,6994.774861,2664659.0,72.047,7320.880262000001,2780132.0,72.567
Asia,3216.956347,86459025.0,63.03,4317.694365,91563009.0,65.5,6576.649461,95831757.0,68.73,9847.788606999999,100825279.0,71.43,14778.78636,107188273.0,73.42,16610.37701,113872473.0,75.38,19384.10571,118454974.0,77.11,22375.941890000002,122091325.0,78.67,26824.895109999998,124329269.0,79.36,28816.58499,125956499.0,80.69,28604.5919,127065841.0,82.0,31656.06806,127467972.0,82.603
Asia,1546.907807,607914.0,43.158,1886.080591,746559.0,45.669,2348.009158,933559.0,48.126000000000005,2741.796252,1255058.0,51.629,2110.856309,1613551.0,56.528,2852.351568,1937652.0,61.13399999999999,4161.415959,2347031.0,63.739,4448.679912,2820042.0,65.869,3431.5936469999997,3867409.0,68.015,3645.379572,4526235.0,69.77199999999999,3844.9171939999997,5307470.0,71.263,4519.461171,6053193.0,72.535
Africa,853.5409189999999,6464046.0,42.27,944.4383152,7454779.0,44.68600000000001,896.9663732,8678557.0,47.949,1056.736457,10191512.0,50.653999999999996,1222.359968,12044785.0,53.559,1267.613204,14500404.0,56.155,1348.225791,17661452.0,58.766000000000005,1361.936856,21198082.0,59.339,1341.9217210000002,25020539.0,59.285,1360.4850210000002,28263827.0,54.407,1287.514732,31386842.0,50.992,1463.249282,35610177.0,54.11
Asia,1088.277758,8865488.0,50.056000000000004,1571.134655,9411381.0,54.081,1621.693598,10917494.0,56.656000000000006,2143.540609,12617009.0,59.942,3701.6215030000003,14781241.0,63.983000000000004,4106.301249,16325320.0,67.15899999999999,4106.525293,17647518.0,69.1,4106.4923149999995,19067554.0,70.64699999999999,3726.063507,20711375.0,69.97800000000001,1690.756814,21585105.0,67.727,1646.758151,22215365.0,66.66199999999999,1593.06548,23301725.0,67.297
Asia,1030.592226,20947571.0,47.453,1487.593537,22611552.0,52.681000000000004,1536.3443869999999,26420307.0,55.292,2029.2281420000002,30131000.0,57.716,3030.87665,33505000.0,62.611999999999995,4657.22102,36436000.0,64.766,5622.942464,39326000.0,67.123,8533.088805,41622000.0,69.81,12104.27872,43805450.0,72.244,15993.52796,46173816.0,74.64699999999999,19233.98818,47969150.0,77.045,23348.139730000003,49044790.0,78.623
Asia,108382.3529,160000.0,55.565,113523.1329,212846.0,58.033,95458.11176,358266.0,60.47,80894.88326,575003.0,64.624,109347.867,841934.0,67.712,59265.477139999995,1140357.0,69.343,31354.03573,1497494.0,71.309,28118.42998,1891487.0,74.17399999999999,34932.91959,1418095.0,75.19,40300.61996,1765345.0,76.156,35110.10566,2111561.0,76.904,47306.98978,2505559.0,77.58800000000001
Asia,4834.804067,1439529.0,55.928000000000004,6089.786934000001,1647412.0,59.489,5714.560611,1886848.0,62.093999999999994,6006.983042,2186894.0,63.87,7486.384341,2680018.0,65.421,8659.696836,3115787.0,66.09899999999999,7640.519520999999,3086876.0,66.983,5377.091329,3089353.0,67.926,6890.806854,3219994.0,69.292,8754.96385,3430388.0,70.265,9313.93883,3677780.0,71.028,10461.05868,3921278.0,71.993
Africa,298.8462121,748747.0,42.138000000000005,335.99711510000003,813338.0,45.047,411.80062660000004,893143.0,47.747,498.63902649999994,996380.0,48.492,496.58159220000005,1116779.0,49.766999999999996,745.3695408,1251524.0,52.208,797.2631074,1411807.0,55.078,773.9932140999999,1599200.0,57.18,977.4862724999999,1803195.0,59.685,1186.147994,1982823.0,55.558,1275.184575,2046772.0,44.593,1569.331442,2012649.0,42.592
Africa,575.5729961000001,863308.0,38.48,620.9699901,975950.0,39.486,634.1951625,1112796.0,40.501999999999995,713.6036482999999,1279406.0,41.536,803.0054535,1482628.0,42.614,640.3224382999999,1703617.0,43.763999999999996,572.1995694,1956875.0,44.852,506.1138573,2269414.0,46.027,636.6229191000001,1912974.0,40.802,609.1739508,2200725.0,42.221000000000004,531.4823679,2814651.0,43.753,414.5073415,3193942.0,45.678000000000004
Africa,2387.54806,1019729.0,42.723,3448.284395,1201578.0,45.288999999999994,6757.0308159999995,1441863.0,47.808,18772.75169,1759224.0,50.227,21011.497209999998,2183877.0,52.773,21951.21176,2721783.0,57.442,17364.275380000003,3344074.0,62.155,11770.5898,3799845.0,66.234,9640.138501000001,4364501.0,68.755,9467.446056,4759670.0,71.555,9534.677467,5368585.0,72.737,12057.49928,6036914.0,73.952
Africa,1443.011715,4762912.0,36.681,1589.20275,5181679.0,38.865,1643.38711,5703324.0,40.848,1634.047282,6334556.0,42.881,1748.562982,7082430.0,44.851000000000006,1544.228586,8007166.0,46.881,1302.878658,9171477.0,48.968999999999994,1155.4419480000001,10568642.0,49.35,1040.6761900000001,12210395.0,52.214,986.2958956,14165114.0,54.978,894.6370822,16473477.0,57.286,1044.770126,19167654.0,59.443000000000005
Africa,369.1650802,2917802.0,36.256,416.36980639999996,3221238.0,37.207,427.90108560000004,3628608.0,38.41,495.5147806,4147252.0,39.486999999999995,584.6219709,4730997.0,41.766000000000005,663.2236766,5637246.0,43.766999999999996,632.8039209,6502825.0,45.641999999999996,635.5173633999999,7824747.0,47.457,563.2000145,10014249.0,49.42,692.2758102999999,10419991.0,47.495,665.4231186000001,11824495.0,45.00899999999999,759.3499101,13327079.0,48.303000000000004
Asia,1831.132894,6748378.0,48.463,1810.0669920000003,7739235.0,52.102,2036.8849440000001,8906385.0,55.736999999999995,2277.742396,10154878.0,59.371,2849.09478,11441462.0,63.01,3827.9215710000003,12845381.0,65.256,4920.355951,14441916.0,68.0,5249.802653,16331785.0,69.5,7277.912802,18319502.0,70.693,10132.90964,20476091.0,71.938,10206.97794,22662365.0,73.044,12451.6558,24821286.0,74.241
Africa,452.3369807,3838168.0,33.685,490.3821867,4241884.0,35.306999999999995,496.17434280000003,4690372.0,36.936,545.0098873,5212416.0,38.486999999999995,581.3688761,5828158.0,39.977,686.3952693,6491649.0,41.714,618.0140640999999,6998256.0,43.916000000000004,684.1715576,7634008.0,46.364,739.014375,8416215.0,48.388000000000005,790.2579846,9384984.0,49.903,951.4097517999999,10580176.0,51.818000000000005,1042.581557,12031795.0,54.467
Africa,743.1159097,1022556.0,40.543,846.1202613,1076852.0,42.338,1055.8960359999999,1146757.0,44.248000000000005,1421.145193,1230542.0,46.288999999999994,1586.851781,1332786.0,48.437,1497.492223,1456688.0,50.852,1481.150189,1622136.0,53.599,1421.603576,1841240.0,56.145,1361.369784,2119465.0,58.333,1483.1361359999999,2444741.0,60.43,1579.0195429999999,2828858.0,62.247,1803.1514960000002,3270065.0,64.164
Africa,1967.955707,516556.0,50.986000000000004,2034.037981,609816.0,58.089,2529.0674870000003,701016.0,60.246,2475.387562,789309.0,61.556999999999995,2575.4841579999998,851334.0,62.943999999999996,3710.9829630000004,913025.0,64.93,3688.037739,992040.0,66.711,4783.586903,1042663.0,68.74,6058.2538460000005,1096202.0,69.745,7425.705295000001,1149818.0,70.736,9021.815894,1200206.0,71.954,10956.99112,1250882.0,72.801
Americas,3478.125529,30144317.0,50.788999999999994,4131.546641,35015548.0,55.19,4581.609385,41121485.0,58.299,5754.733883,47995559.0,60.11,6809.406690000001,55984294.0,62.361000000000004,7674.929108,63759976.0,65.032,9611.147541,71640904.0,67.405,8688.156003,80122492.0,69.498,9472.384295,88111030.0,71.455,9767.29753,95895146.0,73.67,10742.44053,102479927.0,74.902,11977.57496,108700891.0,76.195
Asia,786.5668575,800663.0,42.244,912.6626085,882134.0,45.248000000000005,1056.353958,1010280.0,48.251000000000005,1226.04113,1149500.0,51.253,1421.741975,1320500.0,53.754,1647.511665,1528000.0,55.49100000000001,2000.603139,1756032.0,57.489,2338.008304,2015133.0,60.222,1785.402016,2312802.0,61.271,1902.2521,2494803.0,63.625,2140.7393230000002,2674234.0,65.033,3095.7722710000003,2874127.0,66.803
Europe,2647.585601,413834.0,59.163999999999994,3682.259903,442829.0,61.448,4649.593785,474528.0,63.728,5907.850937,501035.0,67.178,7778.414017,527678.0,70.63600000000001,9595.929904999999,560073.0,73.066,11222.58762,562548.0,74.101,11732.51017,569473.0,74.865,7003.339037000001,621621.0,75.435,6465.613349,692651.0,75.445,6557.194282,720230.0,73.98100000000001,9253.896111,684736.0,74.543
Africa,1688.20357,9939217.0,42.873000000000005,1642.002314,11406350.0,45.423,1566.353493,13056604.0,47.924,1711.04477,14770296.0,50.335,1930.194975,16660670.0,52.861999999999995,2370.619976,18396941.0,55.73,2702.620356,20198730.0,59.65,2755.046991,22987397.0,62.677,2948.047252,25798239.0,65.393,2982.101858,28529501.0,67.66,3258.495584,31167783.0,69.615,3820.17523,33757175.0,71.164
Africa,468.5260381,6446316.0,31.285999999999998,495.5868333000001,7038035.0,33.779,556.6863539,7788944.0,36.161,566.6691539,8680909.0,38.113,724.9178037,9809596.0,40.328,502.31973339999996,11127868.0,42.495,462.2114149,12587223.0,42.795,389.87618460000004,12891952.0,42.861000000000004,410.89682389999996,13160731.0,44.284,472.34607710000006,16603334.0,46.343999999999994,633.6179466,18473780.0,44.026,823.6856205,19951656.0,42.082
Asia,331.0,20092996.0,36.319,350.0,21731844.0,41.905,388.0,23634436.0,45.108000000000004,349.0,25870271.0,49.379,357.0,28466390.0,53.07,371.0,31528087.0,56.059,424.0,34680442.0,58.056000000000004,385.0,38028578.0,58.339,347.0,40546538.0,59.32,415.0,43247867.0,60.328,611.0,45598081.0,59.908,944.0,47761980.0,62.068999999999996
Africa,2423.780443,485831.0,41.725,2621.448058,548080.0,45.226000000000006,3173.215595,621392.0,48.386,3793.694753,706640.0,51.159,3746.080948,821782.0,53.867,3876.4859579999998,977026.0,56.437,4191.100511,1099010.0,58.968,3693.7313369999997,1278184.0,60.835,3804.537999,1554253.0,61.998999999999995,3899.52426,1774766.0,58.909,4072.3247509999997,1972153.0,51.479,4811.060429,2055080.0,52.906000000000006
Asia,545.8657228999999,9182536.0,36.157,597.9363557999999,9682338.0,37.686,652.3968593,10332057.0,39.393,676.4422254,11261690.0,41.472,674.7881296,12412593.0,43.971000000000004,694.1124398,13933198.0,46.748000000000005,718.3730947,15796314.0,49.593999999999994,775.6324501,17917180.0,52.537,897.7403604,20326209.0,55.727,1010.892138,23001113.0,59.426,1057.206311,25873917.0,61.34,1091.359778,28901790.0,63.785
Europe,8941.571858,10381988.0,72.13,11276.193440000001,11026383.0,72.99,12790.849559999999,11805689.0,73.23,15363.25136,12596822.0,73.82,18794.74567,13329874.0,73.75,21209.0592,13852989.0,75.24,21399.46046,14310401.0,76.05,23651.32361,14665278.0,76.83,26790.94961,15174244.0,77.42,30246.13063,15604464.0,78.03,33724.75778,16122830.0,78.53,36797.93332,16570613.0,79.762
Oceania,10556.575659999999,1994794.0,69.39,12247.39532,2229407.0,70.26,13175.678,2488550.0,71.24,14463.918930000002,2728150.0,71.52,16046.03728,2929100.0,71.89,16233.7177,3164900.0,72.22,17632.4104,3210650.0,73.84,19007.19129,3317166.0,74.32,18363.324940000002,3437674.0,76.33,21050.41377,3676187.0,77.55,23189.80135,3908037.0,79.11,25185.00911,4115771.0,80.204
Americas,3112.363948,1165790.0,42.31399999999999,3457.415947,1358828.0,45.431999999999995,3634.364406,1590597.0,48.632,4643.393534000001,1865490.0,51.88399999999999,4688.593267,2182908.0,55.151,5486.371089,2554598.0,57.47,3470.3381560000003,2979423.0,59.298,2955.984375,3344353.0,62.008,2170.151724,4017939.0,65.843,2253.023004,4609572.0,68.426,2474.548819,5146848.0,70.836,2749.320965,5675356.0,72.899
Africa,761.879376,3379468.0,37.444,835.5234025000001,3692184.0,38.598,997.7661127,4076008.0,39.486999999999995,1054.384891,4534062.0,40.118,954.2092363,5060262.0,40.546,808.8970727999999,5682086.0,41.291000000000004,909.7221354000001,6437188.0,42.598,668.3000228,7332638.0,44.555,581.182725,8392818.0,47.391000000000005,580.3052092,9666252.0,51.313,601.0745012,11140655.0,54.496,619.6768923999999,12894865.0,56.867
Africa,1077.281856,33119096.0,36.324,1100.5925630000002,37173340.0,37.802,1150.9274779999998,41871351.0,39.36,1014.5141039999999,47287752.0,41.04,1698.3888379999999,53740085.0,42.821000000000005,1981.9518059999998,62209173.0,44.513999999999996,1576.97375,73039376.0,45.826,1385.029563,81551520.0,46.886,1619.848217,93364244.0,47.472,1624.941275,106207839.0,47.464,1615.2863949999999,119901274.0,46.608000000000004,2013.9773050000001,135031164.0,46.858999999999995
Europe,10095.42172,3327728.0,72.67,11653.97304,3491938.0,73.44,13450.40151,3638919.0,73.47,16361.87647,3786019.0,74.08,18965.05551,3933004.0,74.34,23311.34939,4043205.0,75.37,26298.635309999998,4114787.0,75.97,31540.9748,4186147.0,75.89,33965.66115,4286357.0,77.32,41283.16433,4405672.0,78.32,44683.97525,4535591.0,79.05,49357.19017,4627926.0,80.196
Asia,1828.230307,507833.0,37.578,2242.746551,561977.0,40.08,2924.638113,628164.0,43.165,4720.942687,714775.0,46.988,10618.03855,829050.0,52.143,11848.343920000001,1004533.0,57.367,12954.791009999999,1301048.0,62.728,18115.223130000002,1593882.0,67.734,18616.70691,1915208.0,71.197,19702.055809999998,2283635.0,72.499,19774.83687,2713462.0,74.193,22316.19287,3204897.0,75.64
Asia,684.5971437999999,41346560.0,43.43600000000001,747.0835292,46679944.0,45.556999999999995,803.3427418,53100671.0,47.67,942.4082588,60641899.0,49.8,1049.938981,69325921.0,51.928999999999995,1175.921193,78152686.0,54.043,1443.429832,91462088.0,56.158,1704.686583,105186881.0,58.245,1971.8294640000001,120065004.0,60.838,2049.3505210000003,135564834.0,61.818000000000005,2092.712441,153403524.0,63.61,2605.94758,169270617.0,65.483
Americas,2480.380334,940080.0,55.191,2961.800905,1063506.0,59.201,3536.540301,1215725.0,61.817,4421.009084,1405486.0,64.071,5364.2496630000005,1616384.0,66.21600000000001,5351.912144,1839782.0,68.681,7009.601598,2036305.0,70.472,7034.779161,2253639.0,71.523,6618.74305,2484997.0,72.462,7113.692252,2734531.0,73.738,7356.031934000001,2990875.0,74.712,9809.185636,3242173.0,75.53699999999999
Americas,1952.3087010000002,1555876.0,62.648999999999994,2046.1547059999998,1770902.0,63.196000000000005,2148.027146,2009813.0,64.361,2299.376311,2287985.0,64.95100000000001,2523.337977,2614104.0,65.815,3248.373311,2984494.0,66.35300000000001,4258.5036039999995,3366439.0,66.874,3998.875695,3886512.0,67.378,4196.411078,4483945.0,68.225,4247.400261,5154123.0,69.4,3783.674243,5884491.0,70.755,4172.838464,6667147.0,71.752
Americas,3758.523437,8025700.0,43.902,4245.256697999999,9146100.0,46.263000000000005,4957.037982,10516500.0,49.096000000000004,5788.09333,12132200.0,51.445,5937.827283,13954700.0,55.448,6281.290854999999,15990099.0,58.446999999999996,6434.501797,18125129.0,61.406000000000006,6360.9434439999995,20195924.0,64.134,4446.380924,22430449.0,66.458,5838.347657,24748122.0,68.38600000000001,5909.020073,26769436.0,69.906,7408.905561,28674757.0,71.421
Asia,1272.880995,22438691.0,47.751999999999995,1547.9448439999999,26072194.0,51.333999999999996,1649.5521529999999,30325264.0,54.757,1814.12743,35356600.0,56.393,1989.3740699999998,40850141.0,58.065,2373.204287,46850962.0,60.06,2603.273765,53456774.0,62.082,2189.634995,60017788.0,64.15100000000001,2279.3240170000004,67185766.0,66.458,2536.534925,75012988.0,68.564,2650.921068,82995088.0,70.303,3190.481016,91077287.0,71.688
Europe,4029.3296990000003,25730551.0,61.31,4734.253019,28235346.0,65.77,5338.752143,30329617.0,67.64,6557.152776,31785378.0,69.61,8006.506993000001,33039545.0,70.85,9508.141454,34621254.0,70.67,8451.531004,36227381.0,71.32,9082.351172,37740710.0,70.98,7738.881247,38370697.0,70.99,10159.58368,38654957.0,72.75,12002.23908,38625976.0,74.67,15389.924680000002,38518241.0,75.563
Europe,3068.319867,8526050.0,59.82,3774.571743,8817650.0,61.51,4727.954889,9019800.0,64.39,6361.517993,9103000.0,66.6,9022.247417,8970450.0,69.26,10172.48572,9662600.0,70.41,11753.84291,9859650.0,72.77,13039.30876,9915289.0,74.06,16207.266630000002,9927680.0,74.86,17641.03156,10156415.0,75.97,19970.90787,10433867.0,77.29,20509.64777,10642836.0,78.098
Americas,3081.959785,2227000.0,64.28,3907.1561890000003,2260000.0,68.54,5108.34463,2448046.0,69.62,6929.277714,2648961.0,71.1,9123.041742,2847132.0,72.16,9770.524921,3080828.0,73.44,10330.98915,3279001.0,73.75,12281.34191,3444468.0,74.63,14641.587109999999,3585176.0,73.911,16999.4333,3759430.0,74.917,18855.606180000002,3859606.0,77.778,19328.70901,3942491.0,78.74600000000001
Africa,2718.885295,257700.0,52.724,2769.451844,308700.0,55.09,3173.72334,358900.0,57.666000000000004,4021.1757390000002,414024.0,60.542,5047.658563,461633.0,64.274,4319.804067,492095.0,67.064,5267.219353,517810.0,69.885,5303.377488,562035.0,71.913,6101.2558229999995,622191.0,73.615,6071.941411,684810.0,74.77199999999999,6316.1652,743981.0,75.744,7670.122558,798094.0,76.442
Europe,3144.613186,16630000.0,61.05,3943.370225,17829327.0,64.1,4734.9975859999995,18680721.0,66.8,6470.866545,19284814.0,66.8,8011.414401999999,20662648.0,69.21,9356.39724,21658597.0,69.46,9605.314053,22356726.0,69.66,9696.273295,22686371.0,69.53,6598.409903,22797027.0,69.36,7346.547556999999,22562458.0,69.72,7885.360081,22404337.0,71.322,10808.47561,22276056.0,72.476
Africa,493.32387520000003,2534927.0,40.0,540.2893982999999,2822082.0,41.5,597.4730727000001,3051242.0,43.0,510.9637142,3451079.0,44.1,590.5806637999999,3992121.0,44.6,670.0806011,4657072.0,45.0,881.5706467,5507565.0,46.218,847.991217,6349365.0,44.02,737.0685949,7290203.0,23.599,589.9445051,7212583.0,36.086999999999996,785.6537647999999,7852401.0,43.413000000000004,863.0884639000001,8860588.0,46.242
Africa,879.5835855,60011.0,46.471000000000004,860.7369026,61325.0,48.945,1071.551119,65345.0,51.893,1384.840593,70787.0,54.425,1532.985254,76595.0,56.48,1737.561657,86796.0,58.55,1890.2181170000001,98593.0,60.351000000000006,1516.525457,110812.0,61.728,1428.777814,125911.0,62.742,1339.076036,145608.0,63.306000000000004,1353.09239,170372.0,64.337,1598.435089,199579.0,65.528
Asia,6459.5548229999995,4005677.0,39.875,8157.591248000001,4419650.0,42.868,11626.41975,4943029.0,45.913999999999994,16903.04886,5618198.0,49.901,24837.42865,6472756.0,53.886,34167.7626,8128505.0,58.69,33693.17525,11254672.0,63.012,21198.26136,14619745.0,66.295,24841.617769999997,16945857.0,68.768,20586.69019,21229759.0,70.533,19014.54118,24501530.0,71.626,21654.83194,27601038.0,72.777
Africa,1450.356983,2755589.0,37.278,1567.653006,3054547.0,39.329,1654.988723,3430243.0,41.45399999999999,1612.404632,3965841.0,43.563,1597.712056,4588696.0,45.815,1561.769116,5260855.0,48.879,1518.479984,6147783.0,52.379,1441.72072,7171347.0,55.769,1367.899369,8307920.0,58.196000000000005,1392.368347,9535314.0,60.187,1519.635262,10870037.0,61.6,1712.4721359999999,12267493.0,63.062
Europe,3581.4594479999996,6860147.0,57.996,4981.090891,7271135.0,61.685,6289.629157,7616060.0,64.531,7991.707066,7971222.0,66.914,10522.067490000001,8313288.0,68.7,12980.66956,8686367.0,70.3,15181.0927,9032824.0,70.16199999999999,15870.878509999999,9230783.0,71.218,9325.068238,9826397.0,71.65899999999999,7914.320304000001,10336594.0,72.232,7236.075251,10111559.0,73.21300000000001,9786.534714,10150265.0,74.002
Africa,879.7877358,2143249.0,30.331,1004.484437,2295678.0,31.57,1116.6398769999998,2467895.0,32.766999999999996,1206.043465,2662190.0,34.113,1353.759762,2879013.0,35.4,1348.285159,3140897.0,36.788000000000004,1465.010784,3464522.0,38.445,1294.4477880000002,3868905.0,40.006,1068.696278,4260884.0,38.333,574.6481576,4578212.0,39.897,699.4897129999999,5359092.0,41.012,862.5407561000001,6144562.0,42.568000000000005
Asia,2315.138227,1127000.0,60.396,2843.104409,1445929.0,63.178999999999995,3674.735572,1750200.0,65.798,4977.41854,1977600.0,67.946,8597.756202,2152400.0,69.521,11210.08948,2325300.0,70.795,15169.161119999999,2651869.0,71.76,18861.53081,2794552.0,73.56,24769.8912,3235865.0,75.788,33519.4766,3802309.0,77.158,36023.1054,4197776.0,78.77,47143.179639999995,4553009.0,79.972
Europe,5074.659104,3558137.0,64.36,6093.2629799999995,3844277.0,67.45,7481.1075980000005,4237384.0,70.33,8412.902397,4442238.0,70.98,9674.167626,4593433.0,70.35,10922.664040000001,4827803.0,70.45,11348.54585,5048043.0,70.8,12037.26758,5199318.0,71.08,9498.467723,5302888.0,71.38,12126.23065,5383010.0,72.71,13638.778369999998,5410052.0,73.8,18678.31435,5447502.0,74.663
Europe,4215.041741,1489518.0,65.57,5862.276629,1533070.0,67.85,7402.303395,1582962.0,69.15,9405.489397,1646912.0,69.18,12383.4862,1694510.0,69.82,15277.030169999998,1746919.0,70.97,17866.72175,1861252.0,71.063,18678.53492,1945870.0,72.25,14214.71681,1999210.0,73.64,17161.10735,2011612.0,75.13,20660.01936,2011497.0,76.66,25768.25759,2009245.0,77.926
Africa,1135.749842,2526994.0,32.978,1258.1474130000001,2780415.0,34.977,1369.488336,3080153.0,36.981,1284.7331800000002,3428839.0,38.977,1254.576127,3840161.0,40.973,1450.9925130000001,4353666.0,41.974,1176.807031,5828892.0,42.955,1093.244963,6921858.0,44.501000000000005,926.9602964,6099799.0,39.658,930.5964284,6633514.0,43.795,882.0818218000001,7753310.0,45.93600000000001,926.1410683,9118773.0,48.159
Africa,4725.295531000001,14264935.0,45.00899999999999,5487.104219,16151549.0,47.985,5768.729717,18356657.0,49.951,7114.477970999999,20997321.0,51.927,7765.962636,23935810.0,53.696000000000005,8028.651439,27129932.0,55.527,8568.266228,31140029.0,58.161,7825.823398,35933379.0,60.833999999999996,7225.0692579999995,39964159.0,61.888000000000005,7479.188244,42835005.0,60.236000000000004,7710.946444,44433622.0,53.365,9269.657808,43997828.0,49.339
Europe,3834.0347420000003,28549870.0,64.94,4564.80241,29841614.0,66.66,5693.843879,31158061.0,69.69,7993.512294,32850275.0,71.44,10638.75131,34513161.0,73.06,13236.92117,36439000.0,74.39,13926.169969999999,37983310.0,76.3,15764.98313,38880702.0,76.9,18603.06452,39549438.0,77.57,20445.29896,39855442.0,78.77,24835.47166,40152517.0,79.78,28821.0637,40448191.0,80.941
Asia,1083.53203,7982342.0,57.593,1072.546602,9128546.0,61.456,1074.4719599999999,10421936.0,62.192,1135.514326,11737396.0,64.266,1213.39553,13016733.0,65.042,1348.775651,14116836.0,65.949,1648.0797890000001,15410151.0,68.757,1876.766827,16495304.0,69.01100000000001,2153.7392219999997,17587060.0,70.37899999999999,2664.477257,18698655.0,70.457,3015.3788329999998,19576783.0,70.815,3970.0954070000003,20378239.0,72.396
Africa,1615.991129,8504667.0,38.635,1770.3370739999998,9753392.0,39.624,1959.593767,11183227.0,40.87,1687.997641,12716129.0,42.858000000000004,1659.652775,14597019.0,45.083,2202.9884230000002,17104986.0,47.8,1895.544073,20367053.0,50.338,1507.819159,24725960.0,51.744,1492.197043,28227588.0,53.556000000000004,1632.2107640000002,32160729.0,55.373000000000005,1993.398314,37090298.0,56.369,2602.394995,42292929.0,58.556000000000004
Africa,1148.376626,290243.0,41.407,1244.708364,326741.0,43.424,1856.182125,370006.0,44.992,2613.1016649999997,420690.0,46.633,3364.836625,480105.0,49.552,3781.410618,551425.0,52.537,3895.384018,649901.0,55.56100000000001,3984.8398119999997,779348.0,57.678000000000004,3553.0224,962344.0,58.474,3876.7684600000002,1054486.0,54.288999999999994,4128.116943,1130269.0,43.869,4513.480643,1133066.0,39.613
Europe,8527.844662000001,7124673.0,71.86,9911.878226,7363802.0,72.49,12329.441920000001,7561588.0,73.37,15258.29697,7867931.0,74.16,17832.02464,8122293.0,74.72,18855.72521,8251648.0,75.44,20667.38125,8325260.0,76.42,23586.92927,8421403.0,77.19,23880.01683,8718867.0,78.16,25266.59499,8897619.0,79.39,29341.630930000003,8954175.0,80.04,33859.74835,9031088.0,80.884
Europe,14734.23275,4815000.0,69.62,17909.48973,5126000.0,70.56,20431.0927,5666000.0,71.32,22966.14432,6063000.0,72.77,27195.113039999997,6401400.0,73.78,26982.29052,6316424.0,75.39,28397.715119999997,6468126.0,76.21,30281.704589999998,6649942.0,77.41,31871.5303,6995447.0,78.03,32135.323010000004,7193761.0,79.37,34480.95771,7361757.0,80.62,37506.419069999996,7554661.0,81.70100000000001
Asia,1643.485354,3661549.0,45.883,2117.234893,4149908.0,48.284,2193.037133,4834621.0,50.305,1881.923632,5680812.0,53.655,2571.423014,6701172.0,57.29600000000001,3195.484582,7932503.0,61.195,3761.8377149999997,9410494.0,64.59,3116.774285,11242847.0,66.97399999999999,3340.542768,13219062.0,69.249,4014.238972,15081016.0,71.527,4090.9253310000004,17155814.0,73.053,4184.548089,19314747.0,74.143
Asia,1206.947913,8550362.0,58.5,1507.86129,10164215.0,62.4,1822.879028,11918938.0,65.2,2643.8586809999997,13648692.0,67.5,4062.523897,15226039.0,69.39,5596.519826,16785196.0,70.59,7426.354773999999,18501390.0,72.16,11054.56175,19757799.0,73.4,15215.6579,20686918.0,74.26,20206.82098,21628605.0,75.25,23235.42329,22454239.0,76.99,28718.27684,23174294.0,78.4
Africa,716.6500721,8322925.0,41.215,698.5356073,9452826.0,42.974,722.0038073,10863958.0,44.246,848.2186575,12607312.0,45.757,915.9850592,14706593.0,47.62,962.4922932,17129565.0,49.919,874.2426069,19844382.0,50.608000000000004,831.8220794,23040630.0,51.535,825.682454,26605473.0,50.44,789.1862231,30686889.0,48.466,899.0742111,34593779.0,49.651,1107.482182,38139640.0,52.516999999999996
Asia,757.7974177,21289402.0,50.848,793.5774147999999,25041917.0,53.63,1002.1991720000001,29263397.0,56.06100000000001,1295.46066,34024249.0,58.285,1524.3589359999999,39276153.0,60.405,1961.2246350000003,44148285.0,62.494,2393.219781,48827160.0,64.597,2982.653773,52910342.0,66.084,4616.8965450000005,56667095.0,67.298,5852.625497,60216677.0,67.521,5913.187529,62806748.0,68.564,7458.3963269999995,65068149.0,70.616
Africa,859.8086567,1219113.0,38.596,925.9083201999999,1357445.0,41.208,1067.5348099999999,1528098.0,43.922,1477.59676,1735550.0,46.769,1649.660188,2056351.0,49.75899999999999,1532.776998,2308582.0,52.887,1344.577953,2644765.0,55.471000000000004,1202.201361,3154264.0,56.941,1034.298904,3747553.0,58.06100000000001,982.2869242999999,4320890.0,58.39,886.2205765000001,4977378.0,57.56100000000001,882.9699437999999,5701579.0,58.42
Americas,3023.271928,662850.0,59.1,4100.3934,764900.0,61.8,4997.5239710000005,887498.0,64.9,5621.368472,960155.0,65.4,6619.551418999999,975199.0,65.9,7899.554209000001,1039009.0,68.3,9119.528607,1116479.0,68.832,7388.597823,1191336.0,69.582,7370.990932,1183669.0,69.862,8792.573126000001,1138101.0,69.465,11460.60023,1101832.0,68.976,18008.50924,1056608.0,69.819
Africa,1468.475631,3647735.0,44.6,1395.232468,3950849.0,47.1,1660.30321,4286552.0,49.57899999999999,1932.3601670000003,4786986.0,52.053000000000004,2753.2859940000003,5303507.0,55.602,3120.876811,6005061.0,59.836999999999996,3560.2331740000004,6734098.0,64.048,3810.419296,7724976.0,66.89399999999999,4332.720164,8523077.0,70.001,4876.798614,9231669.0,71.973,5722.895654999999,9770575.0,73.042,7092.923025,10276158.0,73.923
Europe,1969.1009800000002,22235677.0,43.585,2218.754257,25670939.0,48.07899999999999,2322.8699079999997,29788695.0,52.098,2826.3563870000003,33411317.0,54.336000000000006,3450.69638,37492953.0,57.005,4269.122326,42404033.0,59.507,4241.356344,47328791.0,61.036,5089.043686,52881328.0,63.108000000000004,5678.348271,58179144.0,66.146,6601.429915,63047647.0,68.835,6508.085718,67308928.0,70.845,8458.276384,71158647.0,71.777
Africa,734.753484,5824797.0,39.978,774.3710692000001,6675501.0,42.571000000000005,767.2717397999999,7688797.0,45.343999999999994,908.9185217,8900294.0,48.051,950.735869,10190285.0,51.016000000000005,843.7331372000001,11457758.0,50.35,682.2662267999999,12939400.0,49.849,617.7244065,15283050.0,51.50899999999999,644.1707968999999,18252190.0,48.825,816.559081,21210254.0,44.578,927.7210018,24739869.0,47.813,1056.3801210000001,29170398.0,51.542
Europe,9979.508487000001,50430000.0,69.18,11283.17795,51430000.0,70.42,12477.17707,53292000.0,70.76,14142.85089,54959000.0,71.36,15895.116409999999,56079000.0,72.01,17428.74846,56179000.0,72.76,18232.42452,56339704.0,74.04,21664.787669999998,56981620.0,75.007,22705.09254,57866349.0,76.42,26074.53136,58808266.0,77.218,29478.99919,59912431.0,78.471,33203.26128,60776238.0,79.425
Americas,13990.482080000002,157553000.0,68.44,14847.12712,171984000.0,69.49,16173.145859999999,186538000.0,70.21,19530.365569999998,198712000.0,70.76,21806.03594,209896000.0,71.34,24072.63213,220239000.0,73.38,25009.55914,232187835.0,74.65,29884.350410000003,242803533.0,75.02,32003.93224,256894189.0,76.09,35767.43303,272911760.0,76.81,39097.09955,287675526.0,77.31,42951.65309,301139947.0,78.242
Americas,5716.766744,2252965.0,66.071,6150.772969,2424959.0,67.044,5603.357717,2598466.0,68.253,5444.61962,2748579.0,68.468,5703.408898,2829526.0,68.673,6504.339663000001,2873520.0,69.48100000000001,6920.223051000001,2953997.0,70.805,7452.398969,3045153.0,71.918,8137.004775,3149262.0,72.752,9230.240708,3262838.0,74.223,7727.002004000001,3363085.0,75.307,10611.46299,3447496.0,76.384
Americas,7689.799761,5439568.0,55.088,9802.466526,6702668.0,57.907,8422.974165000001,8143375.0,60.77,9541.474188,9709552.0,63.479,10505.25966,11515649.0,65.712,13143.95095,13503563.0,67.456,11152.410109999999,15620766.0,68.557,9883.584648,17910182.0,70.19,10733.926309999999,20265563.0,71.15,10165.49518,22374398.0,72.146,8605.047831,24287670.0,72.766,11415.805690000001,26084662.0,73.747
Asia,605.0664917,26246839.0,40.412,676.2854477999999,28998543.0,42.887,772.0491602000001,33796140.0,45.363,637.1232887,39463910.0,47.838,699.5016441,44655014.0,50.254,713.5371196000001,50533506.0,55.763999999999996,707.2357863,56142181.0,58.816,820.7994449,62826491.0,62.82,989.0231487,69940728.0,67.66199999999999,1385.896769,76048996.0,70.672,1764.456677,80908147.0,73.017,2441.576404,85262356.0,74.249
Asia,1515.5923289999998,1030585.0,43.16,1827.0677420000002,1070439.0,45.67100000000001,2198.9563120000003,1133134.0,48.126999999999995,2649.7150070000002,1142636.0,51.631,3133.4092769999997,1089572.0,56.532,3682.8314939999996,1261091.0,60.765,4336.032082,1425876.0,64.406,5107.197384,1691210.0,67.046,6017.654756,2104779.0,69.718,7110.667619,2826046.0,71.096,4515.487575,3389578.0,72.37,3025.349798,4018332.0,73.422
Asia,781.7175761,4963829.0,32.548,804.8304547,5498090.0,33.97,825.6232006,6120081.0,35.18,862.4421463,6740785.0,36.984,1265.047031,7407075.0,39.848,1829.765177,8403990.0,44.175,1977.5570100000002,9657618.0,49.113,1971.741538,11219340.0,52.922,1879.496673,13367997.0,55.599,2117.484526,15826497.0,58.02,2234.820827,18701257.0,60.308,2280.769906,22211743.0,62.698
Africa,1147.388831,2672000.0,42.038000000000004,1311.956766,3016000.0,44.077,1452.725766,3421000.0,46.023,1777.0773179999999,3900000.0,47.768,1773.498265,4506497.0,50.107,1588.688299,5216550.0,51.386,1408.678565,6100407.0,51.821000000000005,1213.315116,7272406.0,50.821000000000005,1210.884633,8381163.0,46.1,1071.353818,9417789.0,40.238,1071.6139380000002,10595811.0,39.193000000000005,1271.211593,11746035.0,42.38399999999999
Africa,406.8841148,3080907.0,48.451,518.7642681,3646340.0,50.468999999999994,527.2721818,4277736.0,52.358000000000004,569.7950712,4995432.0,53.995,799.3621757999999,5861135.0,55.635,685.5876821,6642107.0,57.674,788.8550411,7636524.0,60.363,706.1573059,9216418.0,62.351000000000006,693.4207856,10704340.0,60.376999999999995,792.4499602999999,11404948.0,46.809,672.0386227000001,11926563.0,39.989000000000004,469.70929810000007,12311143.0,43.486999999999995
